{"cameraMode":{"drawMode":0,"name":"Shaded","section":"Shading Mode"},"sceneLighting":true,"audioPlay":false,"sceneViewState":{"m_AlwaysRefresh":false,"showFog":true,"showSkybox":true,"showFlares":true,"showImageEffects":true,"showParticleSystems":true,"showVisualEffectGraphs":true,"m_FxEnabled":true},"in2DMode":false,"pivot":{"x":-0.8343250751495361,"y":0.8213187456130981,"z":-0.5310750007629395},"rotation":{"x":-0.08739198744297028,"y":0.8528857827186585,"z":-0.15151049196720124,"w":-0.49195751547813418},"size":2.5918211936950685,"orthographic":false}